,City,Latitude,Longitude,Country,Temperature (F),Humidity %,Cloudiness %,Wind Speed (mph)
0,Ushuaia,-54.8,-68.3,AR,35.26,80,40,16.11
1,Zunyi,27.6867,106.9072,CN,82.35,63,41,2.95
2,Rikitea,-23.1203,-134.9692,PF,71.8,74,30,7.38
3,Samaná,19.2056,-69.3369,DO,76.75,89,13,5.48
4,Hilo,19.7297,-155.09,US,74.93,91,90,0.0
5,Nikolskoye,59.7035,30.7861,RU,68.02,58,66,2.95
6,Longyearbyen,78.2186,15.6401,SJ,44.44,87,90,5.75
7,Albany,42.6001,-73.9662,US,69.39,95,0,3.76
8,Guadalajara,20.6667,-103.3333,MX,65.97,89,75,5.01
9,Mitchell,43.7094,-98.0298,US,80.58,56,1,7.0
10,Hobart,-42.8794,147.3294,AU,57.06,69,40,7.0
11,Clyde River,70.4692,-68.5914,CA,35.83,93,90,3.44
12,Santa Isabel Rio Negro,-0.4139,-65.0192,BR,72.0,98,100,3.2
13,Saint-Philippe,-21.3585,55.7679,RE,69.35,71,49,10.0
14,Kiunga,-6.1219,141.2906,PG,73.17,93,100,2.71
15,New Norfolk,-42.7826,147.0587,AU,56.7,87,100,1.99
16,Paramonga,-10.6667,-77.8333,PE,63.16,89,19,9.91
17,Mataura,-46.1927,168.8643,NZ,49.48,89,100,1.03
18,Te Anau,-45.4167,167.7167,NZ,46.18,94,100,3.02
19,Iberia,29.9502,-91.7507,US,83.1,94,1,0.0
20,Lebu,-37.6167,-73.65,CL,46.49,81,14,15.93
21,Port Elizabeth,-33.918,25.5701,ZA,52.09,50,0,8.05
22,Olafsvik,64.8945,-23.7142,IS,49.28,82,88,12.24
23,Nyurba,63.2842,118.3319,RU,87.87,30,1,8.37
24,Buala,-8.145,159.5921,SB,83.84,73,28,7.07
25,Am Timan,11.0297,20.2827,TD,70.77,89,100,4.07
26,Amahai,-3.3333,128.9167,ID,81.14,75,73,8.7
27,Coquimbo,-29.9533,-71.3436,CL,49.73,93,0,5.75
28,Atuona,-9.8,-139.0333,PF,77.77,75,3,23.0
29,Ust'-Shonosha,61.1531,41.343,RU,61.11,72,59,8.23
30,Fortuna,40.5982,-124.1573,US,55.85,90,100,1.01
31,Santa Rosa de Copán,14.7667,-88.7833,HN,61.54,97,10,1.07
32,Muisne,0.6,-80.0333,EC,75.56,85,100,8.37
33,Luanda,-8.8368,13.2343,AO,68.0,88,40,2.3
34,Shirgaon,19.7,72.7,IN,84.22,84,74,20.8
35,Hithadhoo,-0.6,73.0833,MV,81.59,74,100,5.57
36,Mar del Plata,-38.0023,-57.5575,AR,46.0,62,0,1.01
37,Shakawe,-18.3667,21.85,BW,42.21,68,0,5.88
38,Tuktoyaktuk,69.4541,-133.0374,CA,48.2,81,90,8.05
39,Athabasca,54.7169,-113.2854,CA,66.02,49,99,4.0
40,Sitka,57.0531,-135.33,US,57.09,77,75,3.44
41,Krasnosel'kup,65.7,82.4667,RU,61.3,73,100,14.85
42,Rincon,32.296,-81.2354,US,81.86,93,1,5.75
43,Karratha,-20.7377,116.8463,AU,80.73,29,62,6.38
44,Erzin,36.9559,36.2,TR,79.52,65,0,0.34
45,Marabu,4.4148,114.0089,MY,91.54,58,40,5.75
46,College,64.8569,-147.8028,US,70.12,54,40,3.44
47,Puerto Ayora,-0.7393,-90.3518,EC,71.55,89,7,5.01
48,Sorong,-0.8833,131.25,ID,86.04,60,100,2.01
49,Blagoveshchensk,50.2667,127.5333,RU,77.61,83,40,2.24
50,Hobyo,5.3505,48.5268,SO,76.32,75,82,23.22
51,Qandala,11.472,49.8728,SO,86.77,50,27,18.14
52,Puerto Madryn,-42.7692,-65.0385,AR,42.6,50,3,17.0
53,Forsytheganj,52.6333,29.7333,BY,63.37,88,50,5.19
54,‘Āhuimanu,21.4447,-157.8378,US,82.11,71,75,13.8
55,Isangel,-19.55,169.2667,VU,74.97,74,95,16.11
56,Oneşti,46.25,26.75,RO,68.29,72,2,3.8
57,Bengkulu,-3.8004,102.2655,ID,84.81,57,2,4.63
58,Gariāband,20.635,82.0614,IN,81.95,65,100,14.05
59,Valparaíso,-33.0393,-71.6273,CL,54.48,89,75,4.61
60,Adrar,20.5022,-10.0711,MR,85.39,33,0,10.49
61,Pochutla,15.7432,-96.4661,MX,78.82,92,100,4.23
62,Puerto Asís,0.5133,-76.5007,CO,70.0,88,100,0.83
63,Bluff,-46.6,168.3333,NZ,49.8,86,100,3.89
64,Rocha,-34.4833,-54.3333,UY,55.83,96,88,9.48
65,Paraúna,-16.9478,-50.4486,BR,64.31,35,4,2.95
66,Busselton,-33.65,115.3333,AU,68.04,73,0,26.13
67,Ürümqi,43.801,87.6005,CN,90.55,18,0,4.47
68,Sambava,-14.2667,50.1667,MG,66.76,81,38,12.28
69,Jamestown,42.097,-79.2353,US,69.44,89,1,1.01
70,Vao,-22.6667,167.4833,NC,70.41,63,90,18.63
71,Vaini,-21.2,-175.2,TO,78.96,83,75,5.75
72,Port Alfred,-33.5906,26.891,ZA,59.7,31,72,12.73
73,Chokurdakh,70.6333,147.9167,RU,56.43,40,56,9.98
74,Punta Arenas,-53.15,-70.9167,CL,35.71,69,0,14.97
75,Inuvik,68.3499,-133.7218,CA,54.46,94,90,4.61
76,Saint Paul Harbor,57.79,-152.4072,US,54.91,76,90,10.36
77,Vicuña,-30.0319,-70.7081,CL,42.53,61,0,1.63
78,Ereymentau,51.6199,73.1033,KZ,65.68,54,0,15.01
79,Chui,-33.6971,-53.4616,UY,58.53,96,38,5.77
80,Bredasdorp,-34.5322,20.0403,ZA,54.72,47,100,9.22
81,Mossamedes,-15.1961,12.1522,AO,69.49,56,0,7.99
82,Barrow,71.2906,-156.7887,US,39.22,97,90,13.8
83,Castro,-24.7911,-50.0119,BR,54.54,58,12,3.94
84,George Town,5.4112,100.3354,MY,89.89,72,20,3.44
85,Tumut,-35.3,148.2167,AU,58.19,95,100,6.44
86,Lompoc,34.6391,-120.4579,US,66.78,86,90,5.75
87,Lira,2.235,32.9097,UG,61.39,80,77,3.78
88,Butaritari,3.0707,172.7902,KI,78.51,87,100,13.18
89,Fort Saint James,54.4333,-124.25,CA,57.7,74,100,2.95
90,Avarua,-21.2078,-159.775,CK,77.05,83,75,4.61
91,Wagar,16.1525,36.2032,SD,77.47,81,59,15.64
92,Hermanus,-34.4187,19.2345,ZA,50.81,53,100,6.96
93,Yaan,7.3833,8.5667,NG,69.3,94,100,6.64
94,Lagos,6.5833,3.75,NG,77.32,84,68,5.17
95,Cherskiy,68.75,161.3,RU,54.79,46,0,18.05
96,Ruteng,-8.6136,120.4721,ID,76.35,37,7,0.47
97,Marsá Maţrūḩ,31.3525,27.2453,EG,77.2,73,40,11.5
98,East London,-33.0153,27.9116,ZA,58.14,30,0,10.36
99,Saskylakh,71.9167,114.0833,RU,59.72,57,95,14.58
100,Katsuura,35.1333,140.3,JP,86.14,57,79,19.24
101,Faanui,-16.4833,-151.75,PF,78.01,70,49,10.47
102,Yellowknife,62.456,-114.3525,CA,55.92,58,75,9.22
103,Wamba,8.9333,8.6,NG,70.84,96,99,2.33
104,Terrasini,38.146,13.0844,IT,81.21,41,0,5.75
105,Tessalit,20.1986,1.0114,ML,90.75,33,79,13.67
106,Arraial do Cabo,-22.9661,-42.0278,BR,69.39,78,0,25.75
107,Anadyr,64.75,177.4833,RU,57.7,82,20,8.01
108,Caravelas,-17.7125,-39.2481,BR,67.39,91,30,3.62
109,Luján,-34.5703,-59.105,AR,53.35,98,0,6.04
110,Raudeberg,61.9875,5.1352,NO,64.2,86,100,6.51
111,Mahébourg,-20.4081,57.7,MU,70.09,73,40,11.5
112,Kaitangata,-46.2817,169.8464,NZ,48.02,94,100,3.44
113,Belaya Gora,68.5333,146.4167,RU,63.18,31,8,9.93
114,Bucerías,20.75,-105.3333,MX,81.99,85,35,1.77
115,Yangi Marg`ilon,40.4272,71.7189,UZ,97.52,19,0,4.61
116,Chardara,41.2547,67.9692,KZ,95.86,20,0,17.98
117,Zinder,13.8072,8.9881,NE,80.38,68,98,13.91
118,Ponta do Sol,32.6667,-17.1,PT,73.0,84,4,3.13
119,Ganzhou,28.8184,115.4327,CN,92.97,52,60,3.65
120,Kutum,14.2,24.6667,SD,72.48,73,100,7.43
121,St. George's,12.0564,-61.7485,GD,80.28,89,75,10.36
122,Sola,-13.8833,167.55,VU,80.01,77,17,10.58
123,Oktyabr'skoye,43.0645,44.7417,RU,68.14,93,4,4.47
124,Geraldton,-28.7667,114.6,AU,68.13,72,75,18.41
125,Lokomotivnyy,53.0118,60.5684,RU,60.73,46,2,10.33
126,Esperance,-33.8667,121.9,AU,63.0,62,2,21.34
127,Roald,62.5833,6.1333,NO,65.34,100,100,10.36
128,Maniitsoq,65.4167,-52.9,GL,47.68,71,100,16.67
129,San Luis,-33.295,-66.3356,AR,46.26,55,14,13.44
130,Khatanga,71.9667,102.5,RU,63.88,51,66,1.63
131,Cape Town,-33.9258,18.4232,ZA,57.61,41,0,5.75
132,Asău,46.4333,26.4,RO,65.95,70,4,3.38
133,Sept-Îles,50.2001,-66.3821,CA,61.32,96,90,3.44
134,Carnarvon,-24.8667,113.6333,AU,71.67,57,40,10.36
135,Safi,32.2994,-9.2372,MA,67.75,92,0,12.86
136,Avilés,43.5547,-5.9248,ES,63.18,88,20,1.01
137,Jinchang,38.4953,102.1739,CN,80.98,27,100,7.14
138,Severo-Kuril'sk,50.6789,156.125,RU,60.04,89,69,5.23
139,Kungurtug,50.5994,97.5228,RU,74.82,44,81,3.04
140,Coyhaique,-45.5752,-72.0662,CL,39.15,60,0,9.22
141,Qaanaaq,77.484,-69.3632,GL,36.86,74,100,2.82
142,Lagoa,39.05,-27.9833,PT,68.61,84,12,12.5
143,Kumul,42.8,93.45,CN,94.05,12,3,0.78
144,Norrtälje,59.758,18.705,SE,68.85,77,100,2.04
145,Beringovskiy,63.05,179.3167,RU,49.55,94,99,6.06
146,Vizinga,61.0749,50.1031,RU,59.58,66,93,7.81
147,Vila do Maio,15.1333,-23.2167,CV,75.99,76,91,8.3
148,Bethel,41.3712,-73.414,US,74.01,90,90,0.0
149,Sinnamary,5.3833,-52.95,GF,76.89,88,99,5.53
150,Nantucket,41.2835,-70.0995,US,73.99,92,90,12.66
151,Araouane,18.9048,-3.5265,ML,92.68,37,11,10.4
152,Lüderitz,-26.6481,15.1594,NA,65.77,31,79,13.18
153,Faya,18.3851,42.4509,SA,66.31,75,68,6.26
154,Reconquista,-29.15,-59.65,AR,59.49,86,100,7.92
155,Pevek,69.7008,170.3133,RU,36.14,88,65,11.86
156,Muqui,-20.956,-41.3531,BR,57.34,91,0,3.76
157,Cabrobó,-8.5142,-39.31,BR,69.03,82,5,14.7
158,Quatre Cocos,-20.2078,57.7625,MU,69.91,59,26,11.88
159,Fare,-16.7,-151.0167,PF,77.74,70,23,9.1
160,Winnemucca,40.973,-117.7357,US,80.65,16,1,4.61
161,Vila Franca do Campo,37.7167,-25.4333,PT,68.41,84,57,7.47
162,Turaif,31.6725,38.6637,SA,80.85,47,0,11.5
163,Nome,64.5011,-165.4064,US,50.07,87,90,11.5
164,Tasiilaq,65.6145,-37.6368,GL,41.16,83,23,3.36
165,Guerrero Negro,27.9769,-114.0611,MX,68.38,82,4,14.52
166,Neman,55.0311,22.0264,RU,66.47,72,100,7.05
167,Ichinohe,40.2069,141.3017,JP,83.55,46,11,9.53
168,Banda Aceh,5.5577,95.3222,ID,86.04,68,100,12.73
169,Broken Hill,-31.95,141.4333,AU,64.11,36,6,14.97
170,Bam,29.106,58.357,IR,92.23,11,30,24.34
171,Gamba,-2.65,10.0,GA,68.94,94,73,3.11
172,Ambilobe,-13.2,49.05,MG,62.44,70,20,3.4
173,Vanavara,60.34,102.2797,RU,84.04,33,56,6.62
174,Mount Gambier,-37.8333,140.7667,AU,55.31,94,75,18.41
175,Xichang,27.8964,102.2634,CN,79.83,63,25,1.41
176,Makkah al Mukarramah,21.4267,39.8261,SA,86.04,37,36,4.23
177,Zhigansk,66.7697,123.3711,RU,70.47,65,35,5.14
178,Xique-Xique,-10.8218,-42.7263,BR,70.48,54,0,15.21
179,Egvekinot,66.3167,-179.1667,RU,49.73,76,100,2.64
180,Arlit,18.7369,7.3853,NE,92.7,21,100,6.2
181,Esim,4.8699,-2.2405,GH,74.34,78,39,8.55
182,Huarmey,-10.0681,-78.1522,PE,64.36,88,3,11.12
183,Husavik,66.0449,-17.3389,IS,51.71,69,0,13.22
184,Harper,4.375,-7.7169,LR,75.61,77,55,7.16
185,Lakselv,70.0513,24.9718,NO,51.62,87,75,5.75
186,Gao,16.6362,1.637,ML,88.45,49,100,3.85
187,Mackenzie,55.2999,-123.1698,CA,59.22,82,75,2.3
188,La Unión,-5.4,-80.75,PE,67.41,79,6,12.28
189,Sedro-Woolley,48.5039,-122.2361,US,67.98,80,1,9.22
190,Touros,-5.1989,-35.4608,BR,72.5,91,10,9.82
191,Berlevåg,70.8578,29.0864,NO,44.6,77,97,17.78
192,Quryq,43.2,51.65,KZ,87.85,28,0,15.5
193,Salta,-24.7859,-65.4117,AR,53.58,76,0,1.99
194,Thompson,55.7435,-97.8558,CA,46.56,76,40,3.44
195,Jiwani,25.05,61.7417,PK,83.61,86,63,6.96
196,Havre-St-Pierre,50.2334,-63.5986,CA,59.36,88,1,6.91
197,Norman Wells,65.282,-126.8329,CA,66.24,68,90,11.5
198,Abu Samrah,35.3029,37.1841,SY,79.02,55,0,4.41
199,Souillac,-20.5167,57.5167,MU,70.18,73,40,11.5
200,Traralgon,-38.1833,146.5333,AU,64.42,68,81,8.99
201,Grindavik,63.8424,-22.4338,IS,48.67,93,75,19.57
202,Denizli Province,37.8402,29.0698,TR,63.45,58,0,2.77
203,Palatka,29.6486,-81.6376,US,81.01,82,42,2.75
204,Rio Verde de Mato Grosso,-18.9181,-54.8442,BR,70.9,41,0,5.39
205,Port Hardy,50.6996,-127.4199,CA,60.98,88,75,2.3
206,Todos Santos,23.45,-110.2167,MX,87.3,85,5,6.29
207,Nuuk,64.1835,-51.7216,GL,50.61,66,90,6.91
208,Āmol,36.4696,52.3507,IR,80.02,79,91,7.09
209,Mumford,5.2618,-0.759,GH,73.81,85,72,8.81
210,Bandarbeyla,9.4942,50.8122,SO,79.05,66,88,25.37
211,Ulcinj,41.9294,19.2244,ME,73.62,54,33,4.52
212,Hasaki,35.7333,140.8333,JP,84.29,69,99,20.85
213,Philadelphia,39.9523,-75.1638,US,79.09,87,1,5.75
214,Tataouine,32.9297,10.4518,TN,79.68,30,0,6.24
215,Manaus,-3.1019,-60.025,BR,81.09,78,0,3.44
216,Airai,-8.9266,125.4092,TL,77.99,23,86,4.14
217,Pangai,-19.8,-174.35,TO,80.71,69,20,2.3
218,Umm Kaddadah,13.6017,26.6876,SD,80.29,62,96,12.82
219,Muscat,23.6139,58.5922,OM,104.02,56,26,2.98
220,Broome,42.2506,-75.833,US,68.67,84,0,2.59
221,Altay,47.8667,88.1167,CN,80.8,35,28,5.39
222,Tabou,4.423,-7.3528,CI,75.87,75,51,6.85
223,Hambantota,6.1241,81.1185,LK,86.34,74,20,23.02
224,São Filipe,14.8961,-24.4956,CV,73.71,75,87,4.14
225,Qui Nhon,13.7667,109.2333,VN,90.18,53,94,21.16
226,Baruun-Urt,46.6806,113.2792,MN,69.62,47,100,13.47
227,San Cristobal,7.7669,-72.225,VE,66.13,99,98,1.97
228,El Alto,-4.2714,-81.2147,PE,64.18,88,79,12.57
229,Ancud,-41.8697,-73.8203,CL,35.13,77,27,8.01
230,Locri,38.2414,16.2623,IT,81.32,52,1,1.28
231,Dunedin,-45.8742,170.5036,NZ,50.81,80,100,11.01
232,Kampot,10.6167,104.1833,KH,86.05,67,75,13.85
233,Saldanha,-33.0117,17.9442,ZA,57.25,43,100,19.3
234,São Joaquim,-28.2939,-49.9317,BR,55.71,79,87,3.85
235,Atar,20.5169,-13.0499,MR,84.97,34,96,1.48
236,Hualmay,-11.0964,-77.6139,PE,63.32,85,11,10.87
237,West Bay,19.3667,-81.4167,KY,82.99,81,11,1.01
238,Meiningen,50.5679,10.4152,DE,63.32,87,70,2.57
239,Naze,28.3667,129.4833,JP,83.32,93,100,17.38
240,Uklana Mandi,29.5023,75.8849,IN,91.76,55,84,9.31
241,Ostrovnoy,68.0531,39.5131,RU,44.98,87,94,22.17
242,Slave Lake,55.2834,-114.769,CA,62.58,67,1,5.75
243,Ketchikan,55.3422,-131.6461,US,57.67,82,40,5.75
244,Grants,35.1473,-107.8514,US,62.83,82,1,0.0
245,Yerbogachën,61.2767,108.0108,RU,83.17,34,37,3.98
246,Bondo,3.8146,23.6866,CD,69.22,96,100,2.37
247,Bač,45.3919,19.2367,RS,71.31,60,94,5.41
248,Partūr,19.6,76.2167,IN,80.96,68,75,20.24
249,Tilichiki,60.4667,166.1,RU,56.16,91,100,7.92
250,Ribeira Grande,38.5167,-28.7,PT,69.49,86,5,16.06
251,Maningrida,-12.0667,134.2667,AU,86.59,40,78,13.18
252,Francisco Sá,-16.4758,-43.4883,BR,57.34,70,0,10.6
253,Arrecife,28.963,-13.5477,ES,71.67,83,0,25.32
254,Leningradskiy,69.3833,178.4167,RU,38.3,88,99,4.56
255,Belmonte,-15.8631,-38.8828,BR,66.7,84,65,7.65
256,Aguascalientes,21.8833,-102.3,MX,73.35,28,75,5.75
257,Provideniya,64.3833,-173.3,RU,50.11,76,90,8.95
258,West Point,33.6076,-88.6503,US,80.67,89,1,8.05
259,Montepuez,-13.1256,38.9997,MZ,58.06,82,23,9.6
260,Vardø,70.3705,31.1107,NO,46.6,74,64,22.44
261,Ahtopol,42.1,27.95,BG,63.07,77,0,5.86
262,Bathsheba,13.2167,-59.5167,BB,77.61,94,40,6.91
263,Rønne,55.1009,14.7066,DK,69.71,83,90,5.75
264,Acaraú,-2.8856,-40.12,BR,77.0,83,11,15.28
265,Collierville,35.042,-89.6645,US,81.84,90,90,4.61
266,Klaksvík,62.2266,-6.589,FO,50.92,95,100,6.55
267,Yārāda,17.65,83.2667,IN,88.12,74,75,11.5
268,Torbay,47.6666,-52.7314,CA,56.28,94,90,4.61
269,Pishin,30.5803,66.9961,PK,89.08,23,52,1.74
270,Mehamn,71.0357,27.8492,NO,46.58,87,75,9.22
271,Bismarck,46.8083,-100.7837,US,79.81,55,1,5.01
272,Miyako,39.6367,141.9525,JP,77.63,71,48,10.63
273,Dikson,73.5069,80.5464,RU,45.3,75,38,1.23
274,Malartic,48.1335,-78.1328,CA,63.01,92,92,4.47
275,Najrān,17.4924,44.1277,SA,79.45,49,78,5.66
276,Dongsheng,39.8161,109.9776,CN,75.29,49,100,14.16
277,Pacific Grove,36.6177,-121.9166,US,63.81,90,90,1.01
278,Kaeo,-35.1,173.7833,NZ,60.33,82,53,10.07
279,Kuroiso,36.9667,140.05,JP,82.85,43,69,10.38
280,Antalaha,-14.9003,50.2788,MG,69.08,76,54,8.95
281,Tabuk,17.4189,121.4443,PH,84.18,70,100,1.83
282,Los Llanos de Aridane,28.6585,-17.9182,ES,67.75,80,20,14.97
283,Kuldīga,56.974,21.9572,LV,62.29,70,38,4.63
284,Kapaa,22.0752,-159.319,US,84.18,82,20,1.99
285,Auki,-8.7676,160.7034,SB,81.72,72,91,3.53
286,Elko,41.0002,-115.5012,US,86.02,13,76,8.01
287,São João da Barra,-21.6403,-41.0511,BR,68.38,79,0,14.76
288,Aitape,-3.1374,142.3475,PG,86.63,59,53,6.85
289,Aklavik,68.2191,-135.0107,CA,54.43,85,100,9.93
290,Cocobeach,1.0002,9.5823,GA,75.13,85,99,4.36
291,Villarrubia de los Ojos,39.2209,-3.608,ES,68.99,74,66,2.51
292,Matagami,49.7502,-77.6328,CA,62.71,88,90,5.75
293,Wiang Sa,8.6359,99.3666,TH,93.65,76,96,4.59
294,Karatau,43.1667,70.4667,KZ,92.14,22,0,11.54
295,Saint Anthony,45.0205,-93.218,US,78.71,58,1,1.01
296,Visby,57.6409,18.296,SE,69.06,82,0,10.36
297,Santander,43.4647,-3.8044,ES,65.98,90,75,1.99
298,Onega,63.9061,38.1404,RU,54.46,96,99,7.14
299,Monte Alegre,-2.0078,-54.0692,BR,74.73,67,11,3.6
300,Jiayuguan City,39.8167,98.3,CN,86.23,17,7,14.12
301,Sur,22.5667,59.5289,OM,91.94,53,96,9.55
302,Nouadhibou,20.931,-17.0347,MR,69.78,88,0,13.8
303,Atambua,-9.1061,124.8925,ID,84.04,41,92,2.84
304,Sibolga,1.7427,98.7792,ID,85.82,63,75,3.65
305,Morondava,-20.2833,44.2833,MG,68.4,57,78,12.57
306,Hofn,64.2539,-15.2082,IS,50.88,89,22,10.0
307,Senneterre,48.3835,-77.2328,CA,62.82,83,59,3.94
308,Bambous Virieux,-20.3428,57.7575,MU,70.05,73,40,11.5
309,Japura,-0.3167,102.35,ID,89.11,48,19,5.75
310,Kruisfontein,-34.0033,24.7314,ZA,53.1,34,93,12.44
311,Talara,-4.5772,-81.2719,PE,66.42,89,56,13.62
312,Iqaluit,63.7506,-68.5145,CA,49.73,87,75,5.99
313,Mackay,-21.15,149.2,AU,77.68,56,51,17.27
314,Trincomalee,8.5711,81.2335,LK,84.16,71,100,20.27
315,Necochea,-38.5473,-58.7368,AR,44.65,85,3,11.16
316,Amapá,1.0,-52.0,BR,69.71,98,17,1.41
317,Nosy Varika,-20.5833,48.5333,MG,63.27,79,99,9.93
318,Thanatpin,17.2119,96.3033,MM,77.18,87,100,11.39
319,Tomohon,1.3346,124.8392,ID,83.34,62,82,3.18
320,Dingle,10.9995,122.6711,PH,88.65,61,98,16.6
321,Manono,-7.3,27.4167,CD,65.61,46,9,9.78
322,Sheopur,25.6667,76.7,IN,89.35,61,94,4.34
323,Kavaratti,10.5669,72.642,IN,81.5,79,100,20.18
324,Port Lincoln,-34.7333,135.8667,AU,61.2,61,63,20.13
325,Lavrentiya,65.5833,-171.0,RU,44.04,98,100,6.51
326,Hermosillo,29.0667,-110.9667,MX,89.69,55,40,1.01
327,Porto de Moz,-1.7483,-52.2383,BR,72.14,75,10,2.51
328,Koster,-25.863,26.8976,ZA,31.82,60,6,2.91
329,Namtsy,62.7161,129.6658,RU,84.31,28,19,9.4
330,Khovd,48.0056,91.6419,MN,72.97,42,17,6.38
331,Labuhan,-6.8844,112.2051,ID,85.93,52,2,6.26
332,São Desidério,-12.3633,-44.9733,BR,67.46,54,57,3.74
333,Chu,43.5983,73.7614,KZ,97.2,11,0,3.27
334,Walvis Bay,-22.9575,14.5053,NA,76.15,23,48,26.46
335,Kadoma,34.7333,135.5833,JP,95.65,55,75,5.75
336,Poum,-20.2333,164.0167,NC,72.84,68,16,23.6
337,Pastavy,55.1168,26.8326,BY,64.0,72,86,4.16
338,Sisimiut,66.9395,-53.6735,GL,46.9,82,100,8.61
339,Ust'-Karsk,52.7011,118.8077,RU,62.64,94,99,3.74
340,Cidreira,-30.1811,-50.2056,BR,68.14,68,91,5.21
341,Igrim,63.1906,64.4162,RU,60.28,54,14,7.87
342,Ambovombe,-25.1667,46.0833,MG,60.85,78,10,15.9
343,Kunya,12.2233,8.5325,NG,75.36,88,0,9.22
344,Thinadhoo,0.5333,72.9333,MV,82.44,71,97,5.53
345,Ilulissat,69.2167,-51.1,GL,50.02,46,100,12.66
346,Astoria,46.1879,-123.8313,US,67.08,86,20,3.0
347,Borovskoy,53.8,64.15,KZ,61.97,45,1,7.2
348,Calabozo,8.9242,-67.4293,VE,72.66,96,83,3.13
349,Saint George,37.1041,-113.5841,US,83.53,61,1,3.0
350,Tulungagung,-8.0657,111.9025,ID,84.36,52,39,4.85
351,Panzhihua,26.5851,101.7128,CN,85.46,53,14,1.34
352,Diphu,25.8333,93.4333,IN,91.89,55,93,1.23
353,Sovetskiy,61.3614,63.5842,RU,60.67,52,71,7.4
354,Amudat,1.95,34.95,UG,65.5,79,96,2.86
355,Davila,18.4726,120.5763,PH,80.58,86,99,26.84
356,Gōdo,35.4167,136.6,JP,93.15,78,46,3.94
357,Merauke,-8.4667,140.3333,ID,80.82,67,96,8.7
358,Lubao,14.9167,120.55,PH,89.62,75,96,16.24
359,Bullhead City,35.1478,-114.5683,US,86.61,78,1,0.0
360,Williamsburg,37.2707,-76.7075,US,80.4,79,1,5.75
361,Cockburn Town,21.4612,-71.1419,TC,82.26,83,71,18.88
362,Lipin Bor,60.2622,37.9763,RU,60.55,75,100,9.37
363,Macusani,-14.0833,-70.4333,PE,31.86,85,10,4.05
364,Togul,53.465,85.9128,RU,75.96,58,98,9.01
365,Narsaq,60.9167,-46.05,GL,44.82,61,100,2.26
366,Pisco,-13.7,-76.2167,PE,61.02,82,20,2.3
367,Salinópolis,-0.6136,-47.3561,BR,78.13,84,36,7.31
368,Tondon,10.3667,-13.35,GN,72.99,98,100,0.83
369,Damara,4.9608,18.7035,CF,74.62,92,100,3.83
370,Upernavik,72.7868,-56.1549,GL,43.18,70,91,3.87
371,Florida,28.7505,-82.5001,US,80.98,71,1,0.0
372,Eureka,40.8021,-124.1637,US,56.12,79,100,1.99
373,Baghmara,23.795,86.2085,IN,88.68,58,100,6.11
374,Novopavlovka,51.2172,109.2091,RU,73.4,44,91,9.69
375,Samarai,-10.6167,150.6667,PG,79.5,75,97,16.87
376,Howard Springs,-12.497,131.047,AU,89.98,58,100,6.13
377,Miechów,50.3565,20.0279,PL,64.92,83,100,4.09
378,Sechura,-5.5569,-80.8222,PE,66.65,83,3,11.12
379,Betong,5.7743,101.0723,TH,89.37,53,97,2.62
380,Hervey Bay,-25.2986,152.8535,AU,70.03,40,17,7.36
381,Nakamura,32.9833,132.9333,JP,84.74,66,36,6.26
382,Lensk,60.7253,114.9278,RU,88.43,32,7,3.04
383,Mayo,38.8876,-76.5119,US,82.38,86,20,1.01
384,Nishifukuma,33.7667,130.4667,JP,100.29,53,43,7.25
385,Nongstoin,25.5167,91.2667,IN,77.79,73,100,3.15
386,Talnakh,69.4865,88.3972,RU,63.91,78,99,4.85
387,Abéché,13.8292,20.8324,TD,74.16,77,100,9.04
388,Ormara,25.2088,64.6357,PK,82.53,86,100,13.38
389,Deputatsky,69.3,139.9,RU,60.31,49,98,4.72
390,Kargasok,59.0556,80.8572,RU,72.77,70,100,4.92
391,Bacolod City,10.6667,122.95,PH,85.84,74,96,18.75
392,Prince Rupert,54.3161,-130.3201,CA,57.29,94,90,3.44
393,Quelimane,-17.8786,36.8883,MZ,60.75,94,75,2.3
394,Tura,25.5198,90.2201,IN,84.04,76,100,5.1
395,Umba,66.6871,34.3429,RU,54.01,66,50,11.63
396,Kushima,31.4583,131.2333,JP,87.31,74,100,9.98
397,Margate,51.3813,1.3862,GB,64.31,93,90,1.99
398,Port Macquarie,-31.4333,152.9167,AU,69.89,39,0,4.32
399,Nouakchott,18.0858,-15.9785,MR,75.13,81,15,17.92
400,San Patricio,28.017,-97.5169,US,84.06,80,3,8.12
401,Hirara,24.8,125.2833,JP,89.87,79,75,9.22
402,Sunland Park,31.7965,-106.58,US,86.63,37,75,1.01
403,Mugur-Aksy,50.35,90.5,RU,64.98,49,62,7.23
404,Pemangkat,1.1667,108.9667,ID,86.47,68,22,6.29
405,Cao Bang,22.6667,106.25,VN,87.26,72,65,1.79
406,Kirishi,59.4471,32.0205,RU,61.47,67,31,3.42
407,Paamiut,61.994,-49.6678,GL,48.33,60,100,5.55
408,Price,39.5994,-110.8107,US,76.26,33,1,0.0
409,Alofi,-19.0595,-169.9187,NU,80.49,69,40,4.61
410,Tiksi,71.6872,128.8694,RU,52.7,79,85,13.94
411,Hong Kong,22.2855,114.1577,HK,93.96,77,70,5.99
412,Constitución,-35.3333,-72.4167,CL,50.86,93,100,10.18
413,Mengcheng,33.2579,116.5655,CN,81.59,84,97,13.62
414,Kondopoga,62.2057,34.2614,RU,62.28,67,76,4.83
415,Chapais,49.7834,-74.8492,CA,55.18,93,86,3.78
416,Corn Island,12.1694,-83.0418,NI,81.32,81,94,14.14
417,Manicoré,-5.8092,-61.3003,BR,73.35,100,0,0.0
418,Cayenne,4.9333,-52.3333,GF,76.08,91,90,0.0
419,Langenburg,49.2544,9.8458,DE,61.95,94,75,3.44
420,La Palma,33.8464,-118.0467,US,78.66,79,1,1.99
421,Huanren,41.2647,125.3667,CN,90.9,48,98,8.48
422,Port Blair,11.6667,92.75,IN,84.36,78,83,20.94
423,Golovchino,50.5341,35.797,RU,67.1,59,4,7.43
424,Bolshevik,54.0065,27.5692,BY,62.22,71,35,4.21
425,Yulara,-25.2406,130.9889,AU,76.84,12,3,12.66
426,İskilip,40.7353,34.4739,TR,65.17,66,0,4.41
427,Kjøllefjord,70.9457,27.3465,NO,46.45,87,75,9.22
428,Nizhniy Odes,63.6445,54.856,RU,49.57,76,64,6.31
429,São Félix do Xingu,-6.6447,-51.995,BR,70.36,54,4,2.35
430,Okhotsk,59.3833,143.3,RU,60.51,87,91,0.83
431,Tegul'det,57.3064,88.1667,RU,79.56,60,100,1.28
432,Pangoa,-12.1167,-73.0,PE,69.89,75,30,2.95
433,Benjamin Constant,-4.3831,-70.0311,BR,73.53,94,76,2.57
434,Ténenkou,14.4572,-4.9169,ML,84.43,58,37,9.28
435,Fiumicino,41.7675,12.2291,IT,85.55,38,0,13.8
436,Kalmunai,7.4167,81.8167,LK,87.15,59,82,2.37
437,San Quintín,30.4833,-115.95,MX,66.74,88,100,7.25
438,Inta,66.0317,60.1659,RU,47.32,81,99,9.15
439,Avera,33.194,-82.5271,US,80.71,70,57,1.7
440,Daitari,21.1,85.75,IN,82.98,66,100,12.5
441,Pangnirtung,66.1451,-65.7125,CA,51.37,89,100,4.83
442,Robertsport,6.7533,-11.3686,LR,76.8,80,83,7.7
443,Harwich,51.9419,1.2844,GB,64.18,95,35,5.01
444,Hangu,39.2489,117.7892,CN,93.24,62,67,12.12
445,Tambacounda,13.7539,-13.7586,SN,78.85,94,0,4.61
446,Kangaba,11.9333,-8.4167,ML,71.89,96,49,4.41
447,Dulovo,43.8167,27.15,BG,65.55,67,0,2.98
448,Maumere,-8.6199,122.2111,ID,83.28,54,67,2.77
449,Comodoro Rivadavia,-45.8667,-67.5,AR,42.66,49,0,14.97
450,Kirakira,-10.4544,161.9205,SB,84.52,63,80,11.52
451,Shenzhen,22.5455,114.0683,CN,93.85,81,87,5.59
452,Miranda,3.2499,-76.2281,CO,66.33,93,100,3.94
453,Bashmakovo,53.2133,43.0342,RU,64.17,54,50,0.34
454,Colquiri,-17.4167,-67.1333,BO,32.05,81,49,4.45
455,Mitake,35.4167,137.1333,JP,94.32,51,30,6.04
456,Hazorasp,41.3194,61.0742,UZ,89.44,26,0,17.49
457,Alekseyevsk,57.8406,108.3492,RU,85.51,32,13,7.18
458,Rafrāf,37.1904,10.1837,TN,82.71,57,36,15.28
459,Pātuli,23.55,88.25,IN,91.9,58,100,6.35
460,Moose Factory,51.2585,-80.6094,CA,55.4,100,90,3.44
461,Nashville,36.1659,-86.7844,US,78.22,85,20,4.0
462,Nemuro,43.3236,145.575,JP,77.43,92,0,8.32
463,Nador,35.174,-2.9287,MA,73.65,64,0,14.97
464,Fukuechō,32.6881,128.8419,JP,86.36,74,75,9.22
465,Rawson,-43.3002,-65.1023,AR,42.26,49,19,15.7
466,Kahului,20.8947,-156.47,US,82.42,82,40,21.85
467,Kloulklubed,7.0419,134.2556,PW,83.64,77,99,16.22
468,Goderich,43.7501,-81.7165,CA,68.32,77,0,5.75
469,Picota,-6.9197,-76.3304,PE,72.18,79,10,0.94
470,Pitsunda,43.1592,40.3378,GE,75.38,77,6,3.62
471,Jacqueville,5.2052,-4.4146,CI,75.11,81,21,10.11
472,Oddur,4.1213,43.8894,SO,68.18,80,58,20.92
473,Mennecy,48.569,2.4438,FR,61.7,95,75,3.44
474,Mahon,39.8885,4.2658,ES,73.96,73,0,16.11
475,Gerāsh,27.6652,54.1371,IR,86.14,41,18,2.62
476,Eldorado,-23.7869,-54.2836,BR,66.6,49,3,8.1
477,Worthington,40.0931,-83.018,US,74.86,89,1,0.0
478,Port Hedland,-20.3167,118.5667,AU,82.45,21,88,9.22
479,Kiryat Gat,31.61,34.7642,IL,79.92,80,33,3.6
480,Erie,42.7667,-78.6664,US,72.36,88,4,5.64
481,Cap Malheureux,-19.9842,57.6142,MU,70.29,71,0,4.0
482,Caucayá,-0.1934,-74.7819,CO,70.32,98,100,2.3
483,Laguna,38.421,-121.4238,US,91.22,35,1,1.99
484,Shimanovsk,52.0,127.7,RU,75.88,57,100,1.9
485,Smirnykh,49.75,142.8333,RU,92.53,48,97,5.44
486,Takoradze,4.8845,-1.7554,GH,73.81,81,93,8.99
487,Honningsvåg,70.9821,25.9704,NO,46.15,76,90,9.22
488,Sakakah,29.9697,40.2064,SA,90.97,20,12,4.52
489,Lethem,3.3803,-59.7968,GY,74.14,93,100,5.59
490,Richards Bay,-28.783,32.0377,ZA,53.87,86,0,7.02
491,Conceição do Araguaia,-8.2578,-49.2647,BR,73.53,68,0,3.2
492,Katobu,-4.9408,122.5276,ID,85.46,50,10,7.65
493,Sawtell,-30.3833,153.1,AU,71.92,50,2,9.22
494,Umred,20.85,79.3333,IN,82.69,70,96,17.78
495,Puerto López,4.0845,-72.956,CO,72.97,93,84,2.77
496,Tevaitoa,-16.7833,-151.5,PF,77.85,68,29,9.6
497,Biscarrosse,44.3945,-1.1672,FR,61.65,94,42,2.3
498,Ahipara,-35.1667,173.1667,NZ,57.16,85,82,14.14
499,Traverse City,44.7631,-85.6206,US,71.67,68,1,6.91
500,Codrington,-38.2667,141.9667,AU,57.61,84,77,18.14
501,Hauterive,46.0901,3.4459,FR,62.38,95,100,2.48
502,Key Biscayne,25.6937,-80.1628,US,85.01,80,75,1.01
503,Kenai,60.5544,-151.2583,US,63.03,81,40,9.22
504,Bontang,0.1333,117.5,ID,83.8,70,6,8.43
505,Sam Chuk,14.7576,100.0899,TH,80.55,75,100,7.9
506,Puerto Escondido,15.85,-97.0667,MX,79.63,73,40,0.0
507,Benguela,-12.5763,13.4055,AO,69.1,72,4,3.04
508,Wajir,1.7471,40.0573,KE,69.78,68,7,14.0
509,Lata,40.1629,-8.3327,PT,63.36,96,93,2.57
510,Henties Bay,-22.116,14.2845,NA,72.5,34,30,26.46
511,Jaciara,-15.9653,-54.9683,BR,68.13,45,5,3.06
512,Cananéia,-25.0147,-47.9267,BR,63.16,70,2,5.59
513,Hokitika,-42.7167,170.9667,NZ,51.62,90,100,11.27
514,Srednekolymsk,67.45,153.6833,RU,59.43,36,76,14.74
515,Fond du Lac,43.775,-88.4388,US,73.49,53,1,6.91
516,Puerto Cabezas,14.0351,-83.3888,NI,77.49,88,100,7.58
517,Flinders,-34.5833,150.8552,AU,65.48,54,78,7.0
518,Utica,43.1009,-75.2327,US,69.73,95,0,2.28
519,Buraidah,26.326,43.975,SA,90.05,18,16,5.48
520,Dudinka,69.4058,86.1778,RU,63.82,52,67,3.42
521,Portland,45.5234,-122.6762,US,79.38,55,20,1.99
522,Sioux Lookout,50.1001,-91.917,CA,68.38,82,75,0.0
523,Baykit,61.67,96.37,RU,86.29,35,59,7.29
524,Pidhorodne,48.5753,35.1068,UA,67.24,61,100,5.84
525,Ballina,-28.8667,153.5667,AU,69.98,28,49,8.05
526,Muros,42.7762,-9.0603,ES,63.99,88,29,5.5
527,Kailua,21.4022,-157.7394,US,82.38,73,75,13.8
528,Santa Rosa,14.3122,121.1114,PH,89.58,66,99,19.82
529,Aksarka,66.5606,67.7975,RU,54.05,65,96,10.04
530,Taoudenni,22.6783,-3.9836,ML,95.16,8,1,7.7
531,Isakly,54.1333,51.5333,RU,64.49,48,62,4.34
532,Tirau,-37.9833,175.75,NZ,60.28,90,75,8.81
533,Boueni,-12.9025,45.0761,YT,76.98,67,34,21.41
534,Kavieng,-2.5744,150.7967,PG,83.43,68,36,3.74
535,Napanee,44.2501,-76.9494,CA,71.85,84,12,6.76
536,Atbasar,51.8,68.3333,KZ,66.69,57,1,11.32
537,Weihai,37.5017,122.1136,CN,83.64,70,43,14.32
538,Arrondissement de Dinan,48.4167,-2.25,FR,59.76,81,14,6.49
539,Borogontsy,62.6683,131.1683,RU,82.11,29,26,8.41
540,Halifax,44.6453,-63.5724,CA,66.25,86,100,1.99
541,Ruska Poliana,49.417,31.9201,UA,70.34,68,77,5.5
542,Tabas,33.5959,56.9244,IR,95.18,13,0,16.22
543,Oktyabr'skiy,54.4815,53.471,RU,63.45,42,2,2.73
544,Inhambane,-23.865,35.3833,MZ,60.78,82,20,5.75
545,Alto Longá,-5.2511,-42.2103,BR,69.24,41,70,3.29
546,Bahía Blanca,-38.7196,-62.2724,AR,42.87,50,36,2.77
547,Port-Gentil,-0.7193,8.7815,GA,75.24,80,86,5.68
548,Nandigāma,16.7833,80.3,IN,84.0,56,76,16.51
549,Meulaboh,4.1363,96.1285,ID,85.69,65,86,3.29
550,Vitorino Freire,-4.0667,-45.1667,BR,70.52,66,30,2.86
551,Kisangani,0.5167,25.2,CD,70.83,89,93,0.98
552,Coleraine,55.1333,-6.6667,GB,57.92,92,59,10.07
553,Atasū,48.6814,71.6433,KZ,76.41,37,0,19.77
554,Bonthe,7.5264,-12.505,SL,75.58,87,98,4.63
555,Sinjār,36.3209,41.8754,IQ,95.45,17,0,6.4
556,Karaton,-6.3424,106.1045,ID,87.96,47,3,5.21
557,Hamilton,39.1834,-84.5333,US,78.04,89,1,0.0
558,Fairbanks,64.8378,-147.7164,US,70.14,56,40,6.91
559,Polunochnoye,60.8697,60.4153,RU,62.38,46,42,8.79
560,Norton Shores,43.1689,-86.2639,US,71.44,86,79,0.0
561,Cabo San Lucas,22.8909,-109.9124,MX,87.8,74,4,7.0
562,Nanortalik,60.1432,-45.2371,GL,44.67,75,96,10.54
563,Ossora,59.2353,163.0719,RU,62.13,84,89,8.16
564,Khorixas,-20.3667,14.9667,NA,58.86,42,33,18.57
565,Road Town,18.4167,-64.6167,VG,81.19,84,86,18.03
566,Iralaya,15.0,-83.2333,HN,78.62,81,100,6.91
567,Tuatapere,-46.1333,167.6833,NZ,49.82,98,100,1.99
568,Paita,-5.0892,-81.1144,PE,66.02,88,13,10.42
569,São Raimundo Nonato,-9.0153,-42.6994,BR,66.36,67,1,4.54
570,Amparafaravola,-17.5833,48.2167,MG,55.58,96,100,7.81
571,Niquero,20.0431,-77.5828,CU,77.13,87,85,6.98
572,Anloga,5.7947,0.8973,GH,77.22,79,62,13.53
573,Oleksandrivka,46.8383,32.7612,UA,69.15,100,0,8.21
574,Birjand,32.8663,59.2211,IR,88.27,11,65,24.16
575,Tazovsky,67.4667,78.7,RU,53.49,67,98,4.72
576,Agirish,61.9247,63.0231,RU,61.95,45,28,7.67
577,Mareeba,-17.0,145.4333,AU,80.44,52,16,7.65
